record_id,ticker_folder,ticker_file,year_full,archive_period,document_type,file_name,relative_path,file_size_bytes,file_size_mb,sha256,status,notes
AAH_2024_e28d74e0,AAH,AAH,2024,2021_2025,annual_report,AAH_24CN_BCTN.pdf,AAH/AAH_24CN_BCTN.pdf,9035689,8.62,e28d74e0538669d8c5cf28210292794e65d00bbe06a41b9da22f3917c6d8cde2,ok,
AAH_2025_5b9a5295,AAH,AAH,2025,2021_2025,annual_report,AAH_25CN_BCTN.pdf,AAH/AAH_25CN_BCTN.pdf,15523827,14.8,5b9a5295eb31509cf49e87f505e2a9dd72937681556d3042064dde69e223ae3b,ok,
AAM_2010_b4b5d2d2,AAM,AAM,2010,2006_2010,annual_report,AAM_10CN_BCTN.pdf,AAM/AAM_10CN_BCTN.pdf,1834864,1.75,b4b5d2d263e69e167ace572b1b9390d36b2d0159eec189cbeef199a2a6bc83c0,ok,
AAM_2011_17adac30,AAM,AAM,2011,2011_2015,annual_report,AAM_11CN_BCTN.pdf,AAM/AAM_11CN_BCTN.pdf,5881502,5.61,17adac300390d51eb9c4567aeeead827f0610cfd5ca4efa8f752d745a6486911,ok,
AAM_2012_ed571378,AAM,AAM,2012,2011_2015,annual_report,AAM_12CN_BCTN.pdf,AAM/AAM_12CN_BCTN.pdf,902296,0.86,ed571378d9f745269a7f67e93332994939ed9bfd18b7f055048e56191e18694f,ok,
AAM_2013_1ca271b8,AAM,AAM,2013,2011_2015,annual_report,AAM_13CN_BCTN.pdf,AAM/AAM_13CN_BCTN.pdf,1843433,1.76,1ca271b8e05da8f99b167e7846809a451528423f6a627cae6a508e260e0c01ac,ok,
AAM_2014_da943365,AAM,AAM,2014,2011_2015,annual_report,AAM_14CN_BCTN.pdf,AAM/AAM_14CN_BCTN.pdf,2733878,2.61,da94336506d1f9e60b11dc2f6b4515aa1ed91859fbfeceb682202c3faf078a6a,ok,
AAM_2015_ce43d502,AAM,AAM,2015,2011_2015,annual_report,AAM_15CN_BCTN.pdf,AAM/AAM_15CN_BCTN.pdf,1897601,1.81,ce43d5028edcfb74705a8602a52dca7194849fc8e762d2117838a3425ac7cb9a,ok,
AAM_2016_a0ca79c4,AAM,AAM,2016,2016_2020,annual_report,AAM_16CN_BCTN.pdf,AAM/AAM_16CN_BCTN.pdf,1132964,1.08,a0ca79c40721e05eb71da5a71d90d5330b4d44228ae791b3fc577315b218bff7,ok,
AAM_2017_65ecab29,AAM,AAM,2017,2016_2020,annual_report,AAM_17CN_BCTN.pdf,AAM/AAM_17CN_BCTN.pdf,1210612,1.15,65ecab29437ecc81630b1b83e1ca6f87e221b04d3732699f46f22ccc6cc6a062,ok,
AAM_2018_054d70bd,AAM,AAM,2018,2016_2020,annual_report,AAM_18CN_BCTN.pdf,AAM/AAM_18CN_BCTN.pdf,1197487,1.14,054d70bd7df6a700eb5a3a00c01b6aca8c988a7ad286a1648b83a3486f6f97a8,ok,
AAM_2019_4970ec5b,AAM,AAM,2019,2016_2020,annual_report,AAM_19CN_BCTN.pdf,AAM/AAM_19CN_BCTN.pdf,1233648,1.18,4970ec5b41eb98e0bb702dcca2bc2810b3b1876003939550b2ec1ce28b701604,ok,
AAM_2020_0c584168,AAM,AAM,2020,2016_2020,annual_report,AAM_20CN_BCTN.pdf,AAM/AAM_20CN_BCTN.pdf,1151333,1.1,0c58416840623a291b77b115d5ee67cfb6d1bfe29f70fca5055a3f8fd783bb81,ok,
AAM_2021_e7a3e9ed,AAM,AAM,2021,2021_2025,annual_report,AAM_21CN_BCTN.pdf,AAM/AAM_21CN_BCTN.pdf,1993120,1.9,e7a3e9ed6c9f937794ae6bc0639edfd4d43ee2cf3fcdc9c4e02ef9b00257fcf6,ok,
AAM_2022_75dbd7b0,AAM,AAM,2022,2021_2025,annual_report,AAM_22CN_BCTN.pdf,AAM/AAM_22CN_BCTN.pdf,1400926,1.34,75dbd7b03836fb7b49953f735233a583e6f46c163062b1f22c97110953aefe9c,ok,
AAM_2023_8526606f,AAM,AAM,2023,2021_2025,annual_report,AAM_23CN_BCTN.pdf,AAM/AAM_23CN_BCTN.pdf,1801947,1.72,8526606ffba6423a8ae3e36e669b97868f9e457064c120ede4cf4d5489d0e1f8,ok,
AAM_2024_d369bebc,AAM,AAM,2024,2021_2025,annual_report,AAM_24CN_BCTN.pdf,AAM/AAM_24CN_BCTN.pdf,2639317,2.52,d369bebc0996e34f81b603e012706c817f23c29608989d9fdd854c50595af4df,ok,
AAM_2025_725d902f,AAM,AAM,2025,2021_2025,annual_report,AAM_25CN_BCTN.pdf,AAM/AAM_25CN_BCTN.pdf,3140036,2.99,725d902f7fc7280f0d0c16a9f3dd2d63a8544a5c0c3bddb698d21d55417e7d92,ok,
AAN_2025_59452e98,AAN,AAN,2025,2021_2025,annual_report,AAN_25CN_BCTN.pdf,AAN/AAN_25CN_BCTN.pdf,29916867,28.53,59452e98ba204706914221cc08c27330a53f49dce4d4702156dcd006b0e11f16,ok,
AAS_2020_2b37bbca,AAS,AAS,2020,2016_2020,annual_report,AAS_20CN_BCTN.pdf,AAS/AAS_20CN_BCTN.pdf,16161602,15.41,2b37bbca154827f9b701b359e511df581f1ea8d0ae4fb31c45a7c3518619532d,ok,
AAS_2021_3452ffdf,AAS,AAS,2021,2021_2025,annual_report,AAS_21CN_BCTN.pdf,AAS/AAS_21CN_BCTN.pdf,11170084,10.65,3452ffdf7ed0bbc6c8857911c30a33926fdbb0ee78fe695021556e7bcdb8f22b,ok,
AAS_2022_fec97712,AAS,AAS,2022,2021_2025,annual_report,AAS_22CN_BCTN.pdf,AAS/AAS_22CN_BCTN.pdf,21360889,20.37,fec97712caffa52e9991d3d29ebc71223cfc1ef350aaa4ae7736c1503c904310,ok,
AAS_2023_4701e08f,AAS,AAS,2023,2021_2025,annual_report,AAS_23CN_BCTN.pdf,AAS/AAS_23CN_BCTN.pdf,11563946,11.03,4701e08f278aa37e14f702974c6ea94c753d2f4818ea2e8bf741e82729513343,ok,
AAS_2024_234c1b12,AAS,AAS,2024,2021_2025,annual_report,AAS_24CN_BCTN.pdf,AAS/AAS_24CN_BCTN.pdf,8559687,8.16,234c1b12bf2da48a26a4b0fc14a2b83bed325b4e05f5779e028b494806afbbe5,ok,
AAS_2025_354f119c,AAS,AAS,2025,2021_2025,annual_report,AAS_25CN_BCTN.pdf,AAS/AAS_25CN_BCTN.pdf,8192871,7.81,354f119cc2b74c904bfb9992aeebb8bd444da04467fa1d9a7b665bab01678cc7,ok,
AAT_2021_2a9b4118,AAT,AAT,2021,2021_2025,annual_report,AAT_21CN_BCTN.pdf,AAT/AAT_21CN_BCTN.pdf,18994366,18.11,2a9b4118b813f90ac7d82d1a49662e65d61f9f65f74e9dc989297acc2547d8d0,ok,
AAT_2022_0f6cf84d,AAT,AAT,2022,2021_2025,annual_report,AAT_22CN_BCTN.pdf,AAT/AAT_22CN_BCTN.pdf,4881044,4.65,0f6cf84d4b8571fa51a763dfdac40dde94b6da416f64ba854a8ee6089eb7fe84,ok,
AAT_2023_f4c575b9,AAT,AAT,2023,2021_2025,annual_report,AAT_23CN_BCTN.pdf,AAT/AAT_23CN_BCTN.pdf,9494122,9.05,f4c575b9ee1f13460d4e9d5d2451df3a9984a917cf2c949317224e6a25b810ea,ok,
AAT_2024_850b4fdf,AAT,AAT,2024,2021_2025,annual_report,AAT_24CN_BCTN.pdf,AAT/AAT_24CN_BCTN.pdf,9994294,9.53,850b4fdf3c399510ec384f3f618834605489626fb40d420577c6ddeafb74980c,ok,
AAT_2025_b950cf29,AAT,AAT,2025,2021_2025,annual_report,AAT_25CN_BCTN.pdf,AAT/AAT_25CN_BCTN.pdf,10366451,9.89,b950cf298bceb6a0c203e9af0dae22c490e687fa696f1b312b97c9f3893dce35,ok,
AAV_2018_3f5c5388,AAV,AAV,2018,2016_2020,annual_report,AAV_18CN_BCTN.pdf,AAV/AAV_18CN_BCTN.pdf,2384490,2.27,3f5c53883912d41b313374775a18f1ca32ade4f5ca177566cfb3a4f73da7275f,ok,
AAV_2019_85f6c78f,AAV,AAV,2019,2016_2020,annual_report,AAV_19CN_BCTN.pdf,AAV/AAV_19CN_BCTN.pdf,12242937,11.68,85f6c78f38c63a23112350868903c2fe6784070567c2172b7950dc84509a2e30,ok,
AAV_2020_119fe9c1,AAV,AAV,2020,2016_2020,annual_report,AAV_20CN_BCTN.pdf,AAV/AAV_20CN_BCTN.pdf,11604694,11.07,119fe9c1394ea149bafa88f86b49fbc23ae25c4e61afbcf8afc7ae7115ec47e7,ok,
AAV_2021_7d0038f0,AAV,AAV,2021,2021_2025,annual_report,AAV_21CN_BCTN.pdf,AAV/AAV_21CN_BCTN.pdf,3761853,3.59,7d0038f0207a8859934e3787cb43d656e14866bc27e56612fc23f1334cf7ed05,ok,
AAV_2022_508c765c,AAV,AAV,2022,2021_2025,annual_report,AAV_22CN_BCTN.pdf,AAV/AAV_22CN_BCTN.pdf,19501956,18.6,508c765c6aa693ac7c56436163feb79aac2d681db04eeb2249b2d5beebc44a21,ok,
AAV_2023_4b80a444,AAV,AAV,2023,2021_2025,annual_report,AAV_23CN_BCTN.pdf,AAV/AAV_23CN_BCTN.pdf,2695751,2.57,4b80a44499f79fb31ed1d02c884cb1fca5629149d2e17eaaf9a293f3171bdf99,ok,
AAV_2024_80760b8e,AAV,AAV,2024,2021_2025,annual_report,AAV_24CN_BCTN.pdf,AAV/AAV_24CN_BCTN.pdf,14871960,14.18,80760b8e9a0eaeb7f2dc6abe4dc01b96c2f3cf22d826f6b452cd1f2aeba0a99a,ok,
AAV_2025_4650f458,AAV,AAV,2025,2021_2025,annual_report,AAV_25CN_BCTN.pdf,AAV/AAV_25CN_BCTN.pdf,13657978,13.03,4650f458c0c5457b788cbb29d3fd571f16a94a8dd7c5586abd4c3bf1fd855f63,ok,
ABB_2006_2a1b0693,ABB,ABB,2006,2006_2010,annual_report,ABB_06CN_BCTN.pdf,ABB/ABB_06CN_BCTN.pdf,1973833,1.88,2a1b069362fba17da71c69bbf4fca61c91f39486e66b8b21116308b9704c91f7,ok,
ABB_2007_8947fec0,ABB,ABB,2007,2006_2010,annual_report,ABB_07CN_BCTN.pdf,ABB/ABB_07CN_BCTN.pdf,3108553,2.96,8947fec07cf503a3d5ebfe4f5259022e327ed1b0a1b2e193c73b195452944cff,ok,
ABB_2008_73b76033,ABB,ABB,2008,2006_2010,annual_report,ABB_08CN_BCTN.pdf,ABB/ABB_08CN_BCTN.pdf,2269724,2.16,73b760339d9cf55ee42aa57de0d3e592ab907453e192a55416d55f5a87743922,ok,
ABB_2009_086b72fb,ABB,ABB,2009,2006_2010,annual_report,ABB_09CN_BCTN.pdf,ABB/ABB_09CN_BCTN.pdf,2144786,2.05,086b72fb49321d4b6d2f18f76158005e20e9d66d67399402f38837c69fccb3cc,ok,
ABB_2010_a304da85,ABB,ABB,2010,2006_2010,annual_report,ABB_10CN_BCTN.pdf,ABB/ABB_10CN_BCTN.pdf,3741516,3.57,a304da85d8221edea74ec6e0a7696ae4f4ec51013eb59e2fe97b5d881489316f,ok,
ABB_2011_f90d307d,ABB,ABB,2011,2011_2015,annual_report,ABB_11CN_BCTN.pdf,ABB/ABB_11CN_BCTN.pdf,4391933,4.19,f90d307dd25914471d6ef00fe6def52a2793dcd5da0f2759c141d7498a9fef95,ok,
ABB_2012_fcd7f251,ABB,ABB,2012,2011_2015,annual_report,ABB_12CN_BCTN.pdf,ABB/ABB_12CN_BCTN.pdf,7075693,6.75,fcd7f251c468f4ca31ffa283bef171ef4645b6ba1de68a45d9058fed6aaae4fa,ok,
ABB_2013_247dd516,ABB,ABB,2013,2011_2015,annual_report,ABB_13CN_BCTN.pdf,ABB/ABB_13CN_BCTN.pdf,4433889,4.23,247dd5166a537ed4e963b645059050afc42eff0686ce3512ecf572599850b606,ok,
ABB_2014_6b154e90,ABB,ABB,2014,2011_2015,annual_report,ABB_14CN_BCTN.pdf,ABB/ABB_14CN_BCTN.pdf,4217579,4.02,6b154e9075704a523a1975838c5d03411ea430b49db6b273caf738ea868df326,ok,
ABB_2015_6f54a062,ABB,ABB,2015,2011_2015,annual_report,ABB_15CN_BCTN.pdf,ABB/ABB_15CN_BCTN.pdf,5200244,4.96,6f54a062a1da9f2d081f29d2a8536aaed07379e618c1e33068b9eb1b53259c9c,ok,
ABB_2016_bee8de87,ABB,ABB,2016,2016_2020,annual_report,ABB_16CN_BCTN.pdf,ABB/ABB_16CN_BCTN.pdf,11877689,11.33,bee8de870024aac98c73e15a9cd299a33e42499cd1d6b55df56123df9acd991e,ok,
ABB_2017_c538f82f,ABB,ABB,2017,2016_2020,annual_report,ABB_17CN_BCTN.pdf,ABB/ABB_17CN_BCTN.pdf,3034124,2.89,c538f82fff6a467ed4856f79a755426da2a55e3c8b52d333b92c09171fccbb72,ok,
ABB_2018_4dbbd98a,ABB,ABB,2018,2016_2020,annual_report,ABB_18CN_BCTN.pdf,ABB/ABB_18CN_BCTN.pdf,6003731,5.73,4dbbd98aaa9db9d80ab92331a2dd982e45af27944146e124b848ed115f989336,ok,
ABB_2019_108ec898,ABB,ABB,2019,2016_2020,annual_report,ABB_19CN_BCTN.pdf,ABB/ABB_19CN_BCTN.pdf,5619418,5.36,108ec8980e711f329d21e487b7ab33e479932706c077c33ffa28e9016bbbde58,ok,
ABB_2020_6bddad87,ABB,ABB,2020,2016_2020,annual_report,ABB_20CN_BCTN.pdf,ABB/ABB_20CN_BCTN.pdf,7172523,6.84,6bddad87b728b24120e72d7ae2e433deab748e307abb2b3f12f62a1b77365044,ok,
ABB_2021_d3d1911b,ABB,ABB,2021,2021_2025,annual_report,ABB_21CN_BCTN.pdf,ABB/ABB_21CN_BCTN.pdf,7052096,6.73,d3d1911bd03ac8290368e1836ccd67bb277e0f17c95098df758580bdf4522408,ok,
ABB_2022_96cc8dc3,ABB,ABB,2022,2021_2025,annual_report,ABB_22CN_BCTN.pdf,ABB/ABB_22CN_BCTN.pdf,5669199,5.41,96cc8dc319198681ea00bf24bce250177eea1fc483700375a2474e2ae9bede04,ok,
ABB_2023_96c02c5e,ABB,ABB,2023,2021_2025,annual_report,ABB_23CN_BCTN.pdf,ABB/ABB_23CN_BCTN.pdf,6858638,6.54,96c02c5eb28efafaff69164fef3284ff66a9445e36b727847810fa62aaa8dd93,ok,
ABB_2024_ad65914c,ABB,ABB,2024,2021_2025,annual_report,ABB_24CN_BCTN.pdf,ABB/ABB_24CN_BCTN.pdf,5039180,4.81,ad65914c63b5ff346e303d546f71c66ff15b51bb0ab38225dc2621456792c51c,ok,
ABB_2025_76477aa9,ABB,ABB,2025,2021_2025,annual_report,ABB_25CN_BCTN.pdf,ABB/ABB_25CN_BCTN.pdf,19961685,19.04,76477aa9b0bf18aabf43db805dbeb5f2f64e40e68d124d7f1ca93682d7d05a22,ok,
ABC_2016_8a9e5e0c,ABC,ABC,2016,2016_2020,annual_report,ABC_16CN_BCTN.pdf,ABC/ABC_16CN_BCTN.pdf,3611364,3.44,8a9e5e0c0a6022be44ee67f93c57bc38b71bd144f550dfcbe032573ee9cb37cb,ok,
ABC_2017_14459251,ABC,ABC,2017,2016_2020,annual_report,ABC_17CN_BCTN.pdf,ABC/ABC_17CN_BCTN.pdf,997974,0.95,144592512f47bb49bd7074f80be8fd882333ca04a665ef921bf51d79ebb8080b,ok,
ABC_2018_9bfb617a,ABC,ABC,2018,2016_2020,annual_report,ABC_18CN_BCTN.pdf,ABC/ABC_18CN_BCTN.pdf,2029558,1.94,9bfb617ae8ae7e381e59fdba1ddd0fddc277de0c1c033f52164442dbacb3db88,ok,
ABC_2019_c9180ff2,ABC,ABC,2019,2016_2020,annual_report,ABC_19CN_BCTN.pdf,ABC/ABC_19CN_BCTN.pdf,2544995,2.43,c9180ff262f9f2ab65563273f31730eac5849d2c5e30d084ee4b69e4f2346d2d,ok,
ABC_2020_e2916a28,ABC,ABC,2020,2016_2020,annual_report,ABC_20CN_BCTN.pdf,ABC/ABC_20CN_BCTN.pdf,2702423,2.58,e2916a286b1e92c85f191beb07154e48281593e5be62ea6bf54760b7f8f76063,ok,
ABC_2021_cb41b49d,ABC,ABC,2021,2021_2025,annual_report,ABC_21CN_BCTN.pdf,ABC/ABC_21CN_BCTN.pdf,2313894,2.21,cb41b49da3757bbbf9b55c438e7b301fd89c5c7f14613b7499614c5a736c6a24,ok,
ABC_2022_c0ab6932,ABC,ABC,2022,2021_2025,annual_report,ABC_22CN_BCTN.pdf,ABC/ABC_22CN_BCTN.pdf,2245594,2.14,c0ab69320f5299e4a8ff2d3f31ba62fd42b69b2991325125c4d063498d7d960e,ok,
ABC_2023_5f121906,ABC,ABC,2023,2021_2025,annual_report,ABC_23CN_BCTN.pdf,ABC/ABC_23CN_BCTN.pdf,6505606,6.2,5f1219069e35511cb9bd96c8e22c993baec977732f9f7cccd225e4b22f2049fa,ok,
ABC_2024_f61d6c18,ABC,ABC,2024,2021_2025,annual_report,ABC_24CN_BCTN.pdf,ABC/ABC_24CN_BCTN.pdf,5615521,5.36,f61d6c18332a5b826cb277fa04a64a168135be1c2cd32810cb6c69daf6721902,ok,
ABC_2025_a6f5826a,ABC,ABC,2025,2021_2025,annual_report,ABC_25CN_BCTN.pdf,ABC/ABC_25CN_BCTN.pdf,5499090,5.24,a6f5826a9e43bcf02aba8723877c8de6c4197203caab72438ccb37041a119855,ok,
ABI_2012_919cc679,ABI,ABI,2012,2011_2015,annual_report,ABI_12CN_BCTN.pdf,ABI/ABI_12CN_BCTN.pdf,732782,0.7,919cc679d0e7dbcdceab5e311b8403beef592287f54f665c59348983d87406dc,ok,
ABI_2013_dc9f16f1,ABI,ABI,2013,2011_2015,annual_report,ABI_13CN_BCTN.pdf,ABI/ABI_13CN_BCTN.pdf,342913,0.33,dc9f16f1fcf5032a49efc3e70a35dbde5ccc89f7a4e4652553def35ca721167f,ok,
ABI_2014_c4b5cd21,ABI,ABI,2014,2011_2015,annual_report,ABI_14CN_BCTN.pdf,ABI/ABI_14CN_BCTN.pdf,839479,0.8,c4b5cd21e1b14d8f13f211e58dabca3fa28b83725ac688e04597e3d851a33fef,ok,
ABI_2016_bcfb1c69,ABI,ABI,2016,2016_2020,annual_report,ABI_16CN_BCTN.pdf,ABI/ABI_16CN_BCTN.pdf,626713,0.6,bcfb1c69eac23d06997247ced09059d2db44a81b08fd527384bccc55d78f0623,ok,
ABI_2017_cac6ac2f,ABI,ABI,2017,2016_2020,annual_report,ABI_17CN_BCTN.pdf,ABI/ABI_17CN_BCTN.pdf,5520722,5.26,cac6ac2f210f9c36ec2484508746a456b91c0051a83e8539261d22e01ddcb074,ok,
ABI_2018_9a3dd9ff,ABI,ABI,2018,2016_2020,annual_report,ABI_18CN_BCTN.pdf,ABI/ABI_18CN_BCTN.pdf,5653346,5.39,9a3dd9ff49758a5e0e01cfaf664c2391a24fe44048b09fbb26ce4aaf9a0dbb10,ok,
ABI_2019_eb9fa560,ABI,ABI,2019,2016_2020,annual_report,ABI_19CN_BCTN.pdf,ABI/ABI_19CN_BCTN.pdf,7105773,6.78,eb9fa56073d6f3d90f5be86c8f26a105aeca29dbaad1fc3c1ae072cdd254a9c6,ok,
ABI_2020_766f91d9,ABI,ABI,2020,2016_2020,annual_report,ABI_20CN_BCTN.pdf,ABI/ABI_20CN_BCTN.pdf,8209991,7.83,766f91d935b07c3ae9a81977f1884f0050ad189311b8c64789af5b14733b3471,ok,
ABI_2021_cc9e5d4a,ABI,ABI,2021,2021_2025,annual_report,ABI_21CN_BCTN.pdf,ABI/ABI_21CN_BCTN.pdf,9334814,8.9,cc9e5d4a9813edd2f0810f1d75318db4170d622bf4c0eda8e5d40ac3c57d2edf,ok,
ABI_2022_dc0c0fe3,ABI,ABI,2022,2021_2025,annual_report,ABI_22CN_BCTN.pdf,ABI/ABI_22CN_BCTN.pdf,9920955,9.46,dc0c0fe330730bdcea0cc53d092ff39308f6c2fe545c01a512fac4ed64ff3555,ok,
ABI_2023_4aa0a436,ABI,ABI,2023,2021_2025,annual_report,ABI_23CN_BCTN.pdf,ABI/ABI_23CN_BCTN.pdf,9832830,9.38,4aa0a4365392d69146f581937181ce16087e5f9499b6bd0f0cb3b878106016b6,ok,
ABI_2024_af1de627,ABI,ABI,2024,2021_2025,annual_report,ABI_24CN_BCTN.pdf,ABI/ABI_24CN_BCTN.pdf,8496482,8.1,af1de62794c356ca8b09811e3a1d1bd2651289f6de8354768fe316caf5b18e77,ok,
ABI_2025_2865617f,ABI,ABI,2025,2021_2025,annual_report,ABI_25CN_BCTN.pdf,ABI/ABI_25CN_BCTN.pdf,13449824,12.83,2865617ffb86ea93c6b350a382869c01914676b7df935a601f57a16a28410f53,ok,
ABR_2018_d0d2d1d2,ABR,ABR,2018,2016_2020,annual_report,ABR_18CN_BCTN.pdf,ABR/ABR_18CN_BCTN.pdf,1852083,1.77,d0d2d1d2eff666e4da10ca05881fc46ff2f3e84c8acd4a9a6b09ad11e1a34cc3,ok,
ABR_2019_86744cfc,ABR,ABR,2019,2016_2020,annual_report,ABR_19CN_BCTN.pdf,ABR/ABR_19CN_BCTN.pdf,9111376,8.69,86744cfc487aba1049e630e7c6f11867b300328cfed3789d3d656fb5535d9ea9,ok,
ABR_2021_13cc20d7,ABR,ABR,2021,2021_2025,annual_report,ABR_21CN_BCTN.pdf,ABR/ABR_21CN_BCTN.pdf,11758871,11.21,13cc20d750e76d57c8d525f838883216a99e7058c0899e7e57017f0fd477016a,ok,
ABR_2022_89fb5cca,ABR,ABR,2022,2021_2025,annual_report,ABR_22CN_BCTN.pdf,ABR/ABR_22CN_BCTN.pdf,8521233,8.13,89fb5ccace0fa6f471a05839baaee0da6759bd5cf53bb41e3fb88be725d948c5,ok,
ABR_2023_1514c97d,ABR,ABR,2023,2021_2025,annual_report,ABR_23CN_BCTN.pdf,ABR/ABR_23CN_BCTN.pdf,13158213,12.55,1514c97de8d70af26d2e360994fbd77d7887cbef21acb72bbd9ef5914ba4d40f,ok,
ABR_2024_724f6704,ABR,ABR,2024,2021_2025,annual_report,ABR_24CN_BCTN.pdf,ABR/ABR_24CN_BCTN.pdf,15459887,14.74,724f6704c953adb7ab61e9c568f9be96b4101302afd014c4bef32deb44d7efd0,ok,
ABR_2025_1123c0da,ABR,ABR,2025,2021_2025,annual_report,ABR_25CN_BCTN.pdf,ABR/ABR_25CN_BCTN.pdf,15779283,15.05,1123c0daa3a4708f1f6b52f7420b1282888f6c7e4e2e236a5bd8f7129e80639d,ok,
ABS_2020_03744f0d,ABS,ABS,2020,2016_2020,annual_report,ABS_20CN_BCTN.pdf,ABS/ABS_20CN_BCTN.pdf,17799257,16.97,03744f0d3c72cb8d575d00eb386d37e4d269cc4fb59d33d844374bd1b1fb6e03,ok,
ABS_2021_bdc93989,ABS,ABS,2021,2021_2025,annual_report,ABS_21CN_BCTN.pdf,ABS/ABS_21CN_BCTN.pdf,10883340,10.38,bdc93989c9de3ee0bd71d1e7c0a83fd670a0c8bf5e10d906f9df2f246c2143a9,ok,
ABS_2023_799793cc,ABS,ABS,2023,2021_2025,annual_report,ABS_23CN_BCTN.pdf,ABS/ABS_23CN_BCTN.pdf,18517860,17.66,799793cc2ab7d6c62d5345425d715f782eb57be55bd83ba06a369dabd63b1e94,ok,
ABS_2024_43db00e6,ABS,ABS,2024,2021_2025,annual_report,ABS_24CN_BCTN.pdf,ABS/ABS_24CN_BCTN.pdf,63369942,60.43,43db00e6eba573de134e96a9af5ef818b9344b9cc14be6c0a88dddd6efa7d103,ok,
ABS_2025_30943a1d,ABS,ABS,2025,2021_2025,annual_report,ABS_25CN_BCTN.pdf,ABS/ABS_25CN_BCTN.pdf,4925185,4.7,30943a1d889e47108e30b72fdc1d1bec33e3b51ef1e0801908bd008906c40e85,ok,
ABT_2008_8c35cff6,ABT,ABT,2008,2006_2010,annual_report,ABT_08CN_BCTN.pdf,ABT/ABT_08CN_BCTN.pdf,487194,0.46,8c35cff6ac83d66a3b58ac30f66c0a6d2bc1ae6ced16167223543d84cff2d8d5,ok,
ABT_2009_92e84058,ABT,ABT,2009,2006_2010,annual_report,ABT_09CN_BCTN.pdf,ABT/ABT_09CN_BCTN.pdf,1162542,1.11,92e84058a9dac779fde490352f195d959cb5df9b3f7ebd34b49b0a32a5e1990f,ok,
ABT_2010_96797236,ABT,ABT,2010,2006_2010,annual_report,ABT_10CN_BCTN.pdf,ABT/ABT_10CN_BCTN.pdf,1046365,1.0,96797236fbc30fb1bcf40b5dcbac7e2f49e01fd602b3f9916d91a425666b8dce,ok,
ABT_2011_e9794b88,ABT,ABT,2011,2011_2015,annual_report,ABT_11CN_BCTN.pdf,ABT/ABT_11CN_BCTN.pdf,329757,0.31,e9794b88337eb480275bad218582128c6157f6f578c5ee00d1a5103ad9374cb5,ok,
ABT_2012_cfe96cc4,ABT,ABT,2012,2011_2015,annual_report,ABT_12CN_BCTN.pdf,ABT/ABT_12CN_BCTN.pdf,1038268,0.99,cfe96cc4ecb1e7283772bc720a439b2bbb5883b8577af74869f4a18c71822aed,ok,
ABT_2013_053a9a31,ABT,ABT,2013,2011_2015,annual_report,ABT_13CN_BCTN.pdf,ABT/ABT_13CN_BCTN.pdf,2951905,2.82,053a9a319258626dfeefd6596d1f7d166614bd01e26404dd792eacd7625e41d3,ok,
ABT_2014_4b4f989f,ABT,ABT,2014,2011_2015,annual_report,ABT_14CN_BCTN.pdf,ABT/ABT_14CN_BCTN.pdf,2935505,2.8,4b4f989f8c8abbc47f52fe5f15fb035ba1a0d6c87a7ddfb2dc93e5a3030c9b65,ok,
ABT_2015_2e3dcfca,ABT,ABT,2015,2011_2015,annual_report,ABT_15CN_BCTN.pdf,ABT/ABT_15CN_BCTN.pdf,11355244,10.83,2e3dcfcaef2f01aaef0c2ec8102efd30c82297c7e9faeb9938e07b055ca24615,ok,
ABT_2016_2ea768cb,ABT,ABT,2016,2016_2020,annual_report,ABT_16CN_BCTN.pdf,ABT/ABT_16CN_BCTN.pdf,12254646,11.69,2ea768cb9bbf105bb0d464625795125749dcf6c4979935f40a45cb5c38a4aef1,ok,
ABT_2017_ab149030,ABT,ABT,2017,2016_2020,annual_report,ABT_17CN_BCTN.pdf,ABT/ABT_17CN_BCTN.pdf,11612981,11.08,ab149030e469d6be1438cde3e62504dfd77513bfbb9b337d14c0c95af9b70959,ok,
ABT_2018_712349d8,ABT,ABT,2018,2016_2020,annual_report,ABT_18CN_BCTN.pdf,ABT/ABT_18CN_BCTN.pdf,14215801,13.56,712349d891284c204481ba01ef6ef8ccdaf2cf49a2e178ebb77a9de995c82391,ok,
ABT_2019_6eeb0885,ABT,ABT,2019,2016_2020,annual_report,ABT_19CN_BCTN.pdf,ABT/ABT_19CN_BCTN.pdf,4759964,4.54,6eeb088570ccde4936b79361b3168c5ed4b27859e7907be5597c34c9df91aa33,ok,
ABT_2020_27317a0e,ABT,ABT,2020,2016_2020,annual_report,ABT_20CN_BCTN.pdf,ABT/ABT_20CN_BCTN.pdf,12836079,12.24,27317a0ee4a9662215141996bac7fbf5c36fa13a304d32d3558d3ccf346e85ce,ok,
ABT_2021_9ef93e82,ABT,ABT,2021,2021_2025,annual_report,ABT_21CN_BCTN.pdf,ABT/ABT_21CN_BCTN.pdf,5964726,5.69,9ef93e822fd747abf373c5da259e2c5675ac5904d0981b2a2ceeefb79d360368,ok,
ABT_2023_1de726b8,ABT,ABT,2023,2021_2025,annual_report,ABT_23CN_BCTN.pdf,ABT/ABT_23CN_BCTN.pdf,11739130,11.2,1de726b819cc70bd038438865bcffc41bb9429425e86a6b6602b3790bcd032e5,ok,
ABT_2024_e4bf49f3,ABT,ABT,2024,2021_2025,annual_report,ABT_24CN_BCTN.pdf,ABT/ABT_24CN_BCTN.pdf,16945582,16.16,e4bf49f3552004b93d49bb13c326b64c6479a5528ed528d4717af15ca044d3a0,ok,
ABT_2025_0d730628,ABT,ABT,2025,2021_2025,annual_report,ABT_25CN_BCTN.pdf,ABT/ABT_25CN_BCTN.pdf,7384474,7.04,0d7306286b9d937519fb6e15c39b8acd5f65138d5afcd6ee1726fa80816fe64b,ok,
ABW_2023_9bf280c1,ABW,ABW,2023,2021_2025,annual_report,ABW_23CN_BCTN.pdf,ABW/ABW_23CN_BCTN.pdf,18010805,17.18,9bf280c111ef24985a4fe998fa7c90ea8d9cc7626b42135fa9ff2d3aea0b48be,ok,
ABW_2024_fba7df3f,ABW,ABW,2024,2021_2025,annual_report,ABW_24CN_BCTN.pdf,ABW/ABW_24CN_BCTN.pdf,5122879,4.89,fba7df3f30b55dbcd2dad85845ac91de86b4fb1b5f6c78d7b9f17a942f53a613,ok,
ABW_2025_30943a1d,ABW,ABW,2025,2021_2025,annual_report,ABW_25CN_BCTN.pdf,ABW/ABW_25CN_BCTN.pdf,4925185,4.7,30943a1d889e47108e30b72fdc1d1bec33e3b51ef1e0801908bd008906c40e85,ok,
ACB_2006_41f025b7,ACB,ACB,2006,2006_2010,annual_report,ACB_06CN_BCTN.pdf,ACB/ACB_06CN_BCTN.pdf,1697103,1.62,41f025b7917698b7d16e4fcff23d6d05e0f29d010e036de9b27fe39e80c601d1,ok,
ACB_2007_10873c2f,ACB,ACB,2007,2006_2010,annual_report,ACB_07CN_BCTN.pdf,ACB/ACB_07CN_BCTN.pdf,3007494,2.87,10873c2ff31451582d0b4a4ce07b223709593e3b7b6ccdf0abdf84e780c50a33,ok,
ACB_2010_d11a9095,ACB,ACB,2010,2006_2010,annual_report,ACB_10CN_BCTN.pdf,ACB/ACB_10CN_BCTN.pdf,786432,0.75,d11a909513bd1839545117dffa8e3a1c1c72874a7a0bb6e66014ed5a9effad8b,ok,
ACB_2011_53b32d83,ACB,ACB,2011,2011_2015,annual_report,ACB_11CN_BCTN.pdf,ACB/ACB_11CN_BCTN.pdf,9926465,9.47,53b32d83414aa7f59f4ffe11454411723c04923674b0b4a852d55898c08906fe,ok,
ACB_2012_0415a001,ACB,ACB,2012,2011_2015,annual_report,ACB_12CN_BCTN.pdf,ACB/ACB_12CN_BCTN.pdf,5045739,4.81,0415a001def3d2076417b26f2b91c76bd0f4eab998fd9235a9a372ffadc2bcd3,ok,
ACB_2013_6294037b,ACB,ACB,2013,2011_2015,annual_report,ACB_13CN_BCTN.pdf,ACB/ACB_13CN_BCTN.pdf,10110275,9.64,6294037b24e2f71eeb98a2f5585a35fb86db0ae7cf682052d4b74d14fad86762,ok,
ACB_2014_50369bec,ACB,ACB,2014,2011_2015,annual_report,ACB_14CN_BCTN.pdf,ACB/ACB_14CN_BCTN.pdf,15889278,15.15,50369becc8513f0f2fdcfb36d5ad0181e5cfc67c285910194e9bcc5774d953b3,ok,
ACB_2015_baa0bf59,ACB,ACB,2015,2011_2015,annual_report,ACB_15CN_BCTN.pdf,ACB/ACB_15CN_BCTN.pdf,4972310,4.74,baa0bf594774a1e4391b99c4844f65873cf700ce84d061e0de71f422818728d2,ok,
ACB_2016_33a7f83b,ACB,ACB,2016,2016_2020,annual_report,ACB_16CN_BCTN.pdf,ACB/ACB_16CN_BCTN.pdf,9477307,9.04,33a7f83bc9a77f4f0b1da0e3917cdf8914fe91664ae31883f0bc1211e7ea77ee,ok,
ACB_2017_b4d2cc76,ACB,ACB,2017,2016_2020,annual_report,ACB_17CN_BCTN.pdf,ACB/ACB_17CN_BCTN.pdf,11803557,11.26,b4d2cc76fe9b7fd53fcd00c293cc04ebc185330df5af403f04849385361d7d0b,ok,
ACB_2018_22ad73c2,ACB,ACB,2018,2016_2020,annual_report,ACB_18CN_BCTN.pdf,ACB/ACB_18CN_BCTN.pdf,3150726,3.0,22ad73c240b3ecdf34dac4aa6e8962a0325303df618c0472b39987187fccdd26,ok,
ACB_2019_7aa38aa6,ACB,ACB,2019,2016_2020,annual_report,ACB_19CN_BCTN.pdf,ACB/ACB_19CN_BCTN.pdf,9056396,8.64,7aa38aa68b8c7d1639e25fb08f5f39bf0656bab0b6d3f22a3762d2c9996a6c3d,ok,
ACB_2020_2338a2e0,ACB,ACB,2020,2016_2020,annual_report,ACB_20CN_BCTN.pdf,ACB/ACB_20CN_BCTN.pdf,8210067,7.83,2338a2e0dccdb05e8ab74ec4cab16d44dc71531d86e13557b303948e1575fa91,ok,
ACB_2021_e2b9302e,ACB,ACB,2021,2021_2025,annual_report,ACB_21CN_BCTN.pdf,ACB/ACB_21CN_BCTN.pdf,12433739,11.86,e2b9302e1924e9172fd48ed9309155f53c026cc95a613a4490ec43cbd2f7687f,ok,
ACB_2022_ef35fa5e,ACB,ACB,2022,2021_2025,annual_report,ACB_22CN_BCTN.pdf,ACB/ACB_22CN_BCTN.pdf,10654122,10.16,ef35fa5e3ed507ad43a4c0d23ef7beeea4c7bce2b16c6bdfc25efd2ab852d8fc,ok,
ACB_2023_a87a101c,ACB,ACB,2023,2021_2025,annual_report,ACB_23CN_BCTN.pdf,ACB/ACB_23CN_BCTN.pdf,10887635,10.38,a87a101c278e2dec6e47e0a979050cf1521a43569715deb9bf14f789695e8172,ok,
ACB_2024_b5aa98be,ACB,ACB,2024,2021_2025,annual_report,ACB_24CN_BCTN.pdf,ACB/ACB_24CN_BCTN.pdf,18836743,17.96,b5aa98be877bab2da97eff962d200a85ae818509c63fa1f9cb339fccf492d6b7,ok,
ACB_2025_bf983a7f,ACB,ACB,2025,2021_2025,annual_report,ACB_25CN_BCTN.pdf,ACB/ACB_25CN_BCTN.pdf,17596933,16.78,bf983a7f9569e2ffba84a81ccaff6d03762f1a7097aabe2ce26091496281771b,ok,
ACC_2011_6dd90f53,ACC,ACC,2011,2011_2015,annual_report,ACC_11CN_BCTN.pdf,ACC/ACC_11CN_BCTN.pdf,98750,0.09,6dd90f5340337939e036697a78d8abca41179e0d7c882da784f7387b777dcb8c,ok,
ACC_2012_7edae403,ACC,ACC,2012,2011_2015,annual_report,ACC_12CN_BCTN.pdf,ACC/ACC_12CN_BCTN.pdf,35472506,33.83,7edae403d8fc0eba0cb10135d3241acdd9743620007ae86799c7ef24650dc777,ok,
ACC_2013_83bb2e74,ACC,ACC,2013,2011_2015,annual_report,ACC_13CN_BCTN.pdf,ACC/ACC_13CN_BCTN.pdf,6652852,6.34,83bb2e744c75abe74ba0bf3961348a65f361fdd27685a911c16cf44ff9b28a19,ok,
ACC_2014_623ffb28,ACC,ACC,2014,2011_2015,annual_report,ACC_14CN_BCTN.pdf,ACC/ACC_14CN_BCTN.pdf,12787834,12.2,623ffb28276fcfac5e7db5bb18dbdb81cfbae7777261ccc087b93f9d67d8cb21,ok,
ACC_2015_e46960dd,ACC,ACC,2015,2011_2015,annual_report,ACC_15CN_BCTN.pdf,ACC/ACC_15CN_BCTN.pdf,6239858,5.95,e46960dd112e2e7a02c7e22660d5f568318c9facf8c0df5f8f8b5bb83a837fe1,ok,
ACC_2016_cb35d3fe,ACC,ACC,2016,2016_2020,annual_report,ACC_16CN_BCTN.pdf,ACC/ACC_16CN_BCTN.pdf,101731560,97.02,cb35d3fe59d5a8283cb8304cc02f0364aac6b4f48e4b49897f86bf75f605e3ba,ok,
ACC_2017_38071acf,ACC,ACC,2017,2016_2020,annual_report,ACC_17CN_BCTN.pdf,ACC/ACC_17CN_BCTN.pdf,11411885,10.88,38071acf0cd1514a89f691977df45af0ceddc04f7968bb14b769331e0c43611b,ok,
ACC_2018_861b2174,ACC,ACC,2018,2016_2020,annual_report,ACC_18CN_BCTN.pdf,ACC/ACC_18CN_BCTN.pdf,10667011,10.17,861b2174d9b89d6b0ba36ba0af937da6c9d1eb634525aacf8ca065988cfe1035,ok,
ACC_2019_48f885e6,ACC,ACC,2019,2016_2020,annual_report,ACC_19CN_BCTN.pdf,ACC/ACC_19CN_BCTN.pdf,8499650,8.11,48f885e6957ad2ee1d7554fcee375a0384b6353f098187d8954169e10271af5e,ok,
ACC_2020_6390306d,ACC,ACC,2020,2016_2020,annual_report,ACC_20CN_BCTN.pdf,ACC/ACC_20CN_BCTN.pdf,3857990,3.68,6390306d28e35cd25b09f2435fd6b13537ede9aac482fb46ba7df525600e1a58,ok,
ACC_2021_73b79635,ACC,ACC,2021,2021_2025,annual_report,ACC_21CN_BCTN.pdf,ACC/ACC_21CN_BCTN.pdf,14286561,13.62,73b7963504e0b54aaacb7bcd7e4e15cc737810e14fda2c5293cf0838debe1c26,ok,
ACC_2022_558eb18e,ACC,ACC,2022,2021_2025,annual_report,ACC_22CN_BCTN.pdf,ACC/ACC_22CN_BCTN.pdf,9119654,8.7,558eb18e7703c518bd58a3f8e980d5be087357262959784cca76b875e4e99119,ok,
ACC_2023_97a53d44,ACC,ACC,2023,2021_2025,annual_report,ACC_23CN_BCTN.pdf,ACC/ACC_23CN_BCTN.pdf,9997583,9.53,97a53d4482c04b9b0b0bba3b2515131e81f192d01582c1dc08090885234d41ef,ok,
ACC_2024_64f80048,ACC,ACC,2024,2021_2025,annual_report,ACC_24CN_BCTN.pdf,ACC/ACC_24CN_BCTN.pdf,8568425,8.17,64f8004871f840973c7ec98fc0c3b2af5fb4f128bc9bfa376e2bdb3661192ab4,ok,
ACC_2025_2159d2ab,ACC,ACC,2025,2021_2025,annual_report,ACC_25CN_BCTN.pdf,ACC/ACC_25CN_BCTN.pdf,8544084,8.15,2159d2abbaa59b0cffc25b3dce12da353c5c0abae31b91c76d7c67063b815a21,ok,
ACE_2010_0a3d9736,ACE,ACE,2010,2006_2010,annual_report,ACE_10CN_BCTN.pdf,ACE/ACE_10CN_BCTN.pdf,823484,0.79,0a3d97368930444912a0f4c4bcd34f3c512bbfa731d31886c6359271e1397216,ok,
ACE_2011_d3fcf2eb,ACE,ACE,2011,2011_2015,annual_report,ACE_11CN_BCTN.pdf,ACE/ACE_11CN_BCTN.pdf,826949,0.79,d3fcf2ebe96706d046064e01e5fc3db053d57793f9ee667a03976ba10b1c4624,ok,
ACE_2014_431687f8,ACE,ACE,2014,2011_2015,annual_report,ACE_14CN_BCTN.pdf,ACE/ACE_14CN_BCTN.pdf,10436219,9.95,431687f846a2eb0d83de4c8d620c1dc8d1ece6fbb10cf0da3be275c2fe32fc52,ok,
ACE_2015_9544e735,ACE,ACE,2015,2011_2015,annual_report,ACE_15CN_BCTN.pdf,ACE/ACE_15CN_BCTN.pdf,14955373,14.26,9544e7354481499e831d56ad1be3618cc7765b188288b4d1f5b9de7378dd99d9,ok,
ACE_2017_44ba71e1,ACE,ACE,2017,2016_2020,annual_report,ACE_17CN_BCTN.pdf,ACE/ACE_17CN_BCTN.pdf,11377393,10.85,44ba71e112efa29513b11cb6edc47d3339c096e8111efcfe76445e99c3b130ff,ok,
ACE_2018_8fd8d6c3,ACE,ACE,2018,2016_2020,annual_report,ACE_18CN_BCTN.pdf,ACE/ACE_18CN_BCTN.pdf,11582893,11.05,8fd8d6c3d9088c152b44a568d5fcc85e246d1fd7cc301c9671eab879792479a1,ok,
ACE_2019_ce199e2d,ACE,ACE,2019,2016_2020,annual_report,ACE_19CN_BCTN.pdf,ACE/ACE_19CN_BCTN.pdf,11767528,11.22,ce199e2d5a948708a83ac11d8bcf8561652483f7d10d615e86ca356176053f70,ok,
ACE_2020_9864bc9b,ACE,ACE,2020,2016_2020,annual_report,ACE_20CN_BCTN.pdf,ACE/ACE_20CN_BCTN.pdf,11706120,11.16,9864bc9bb9a29bcad3e37246a8978de210cbb9c6f7d3d4e20600f7d2d503716b,ok,
ACE_2021_ce04118d,ACE,ACE,2021,2021_2025,annual_report,ACE_21CN_BCTN.pdf,ACE/ACE_21CN_BCTN.pdf,10806725,10.31,ce04118d0133afaed3ea502ad271fd0f6af2bf451692b7747ff18eafc588e794,ok,
ACE_2022_062962dc,ACE,ACE,2022,2021_2025,annual_report,ACE_22CN_BCTN.pdf,ACE/ACE_22CN_BCTN.pdf,12262991,11.69,062962dcd5b48d23468ab5d0106b6cdca80b04f97e83accb7401e545f2c0b302,ok,
ACE_2023_06cee08a,ACE,ACE,2023,2021_2025,annual_report,ACE_23CN_BCTN.pdf,ACE/ACE_23CN_BCTN.pdf,12023337,11.47,06cee08a9cacdde0d3f0ad0222bfb1ff62be69988fd3e4bcc281fe16d88bd4f4,ok,
ACE_2024_8e93046b,ACE,ACE,2024,2021_2025,annual_report,ACE_24CN_BCTN.pdf,ACE/ACE_24CN_BCTN.pdf,12244308,11.68,8e93046b0c0d91ec65b9a6ad57c0c96dc232905edbd4e790783c2bffc6ab9fa3,ok,
ACG_2021_c17903f5,ACG,ACG,2021,2021_2025,annual_report,ACG_21CN_BCTN.pdf,ACG/ACG_21CN_BCTN.pdf,16290995,15.54,c17903f5d54f70afce0d7d6bee2314a07a295dc80aeeb9170d160ccfd895cafe,ok,
ACG_2022_b2091698,ACG,ACG,2022,2021_2025,annual_report,ACG_22CN_BCTN.pdf,ACG/ACG_22CN_BCTN.pdf,19829332,18.91,b20916980776c085c403da02155919d5e4e9c65c575fd50f47ac25ef2761c2d4,ok,
ACG_2023_9c4049d5,ACG,ACG,2023,2021_2025,annual_report,ACG_23CN_BCTN.pdf,ACG/ACG_23CN_BCTN.pdf,19756924,18.84,9c4049d5f8740afb7cb4fd29471224cf3c1176401554e39b988b61bc7c7e8f13,ok,
ACG_2024_fa39b2eb,ACG,ACG,2024,2021_2025,annual_report,ACG_24CN_BCTN.pdf,ACG/ACG_24CN_BCTN.pdf,28475271,27.16,fa39b2eba241623164e4a5eafd822ecc5fadbc258bcd192285f809055b03a711,ok,
ACG_2025_663c4a4d,ACG,ACG,2025,2021_2025,annual_report,ACG_25CN_BCTN.pdf,ACG/ACG_25CN_BCTN.pdf,9060247,8.64,663c4a4d4e034e2d2566fcb8cd8efcb6cee429c38466e8d443fe4be5c1a43187,ok,
ACL_2008_7e01caa9,ACL,ACL,2008,2006_2010,annual_report,ACL_08CN_BCTN.pdf,ACL/ACL_08CN_BCTN.pdf,657089,0.63,7e01caa9e2fa06e89c85e9a919ee10b17b4dbdd3bb7a59a84f59580361b9633a,ok,
ACL_2009_c9ace48d,ACL,ACL,2009,2006_2010,annual_report,ACL_09CN_BCTN.pdf,ACL/ACL_09CN_BCTN.pdf,897169,0.86,c9ace48d962b8bd05d46f7e165cb14c294af05ef3e23a44e488751acea42c7e4,ok,
ACL_2010_a961ed01,ACL,ACL,2010,2006_2010,annual_report,ACL_10CN_BCTN.pdf,ACL/ACL_10CN_BCTN.pdf,1020123,0.97,a961ed011796b69c7437de7c0073c642ba636b69e35c60042eaa3c1c653d9ecc,ok,
ACL_2012_ffac3fbf,ACL,ACL,2012,2011_2015,annual_report,ACL_12CN_BCTN.pdf,ACL/ACL_12CN_BCTN.pdf,10293340,9.82,ffac3fbfb9b1243199fc85233aa1e470be4544f528f93e31c197b96068f9d189,ok,
ACL_2014_f7248050,ACL,ACL,2014,2011_2015,annual_report,ACL_14CN_BCTN.pdf,ACL/ACL_14CN_BCTN.pdf,10900142,10.4,f72480503f2daeaaaf3cc0e234ac27251e0e8cd6c3fa255039facd0964a2b460,ok,
ACL_2015_ecd9d5d7,ACL,ACL,2015,2011_2015,annual_report,ACL_15CN_BCTN.pdf,ACL/ACL_15CN_BCTN.pdf,476345,0.45,ecd9d5d72280a383060f6080dab03c4877b9c2950a39bfe689c31348f8d2d72a,ok,
ACL_2016_ab4557c0,ACL,ACL,2016,2016_2020,annual_report,ACL_16CN_BCTN.pdf,ACL/ACL_16CN_BCTN.pdf,752855,0.72,ab4557c025e95912bee6633c8e48df9ef4753fadd66d546e3d50f8e036c4a584,ok,
ACL_2017_e8452422,ACL,ACL,2017,2016_2020,annual_report,ACL_17CN_BCTN.pdf,ACL/ACL_17CN_BCTN.pdf,881896,0.84,e84524223d9be89479ff4f4d7f35ca3cfa1171091db31dda28b3d309d90469bc,ok,
ACL_2018_f51cf266,ACL,ACL,2018,2016_2020,annual_report,ACL_18CN_BCTN.pdf,ACL/ACL_18CN_BCTN.pdf,1219305,1.16,f51cf2662ca363f9136f645436b1d9a28b1c54240edca49c89d8991d5b3838f0,ok,
ACL_2019_2de736dc,ACL,ACL,2019,2016_2020,annual_report,ACL_19CN_BCTN.pdf,ACL/ACL_19CN_BCTN.pdf,891679,0.85,2de736dc8d382a086dda51855de27398650b173b765ccf13561eae5b809c70a9,ok,
ACL_2020_b5d24628,ACL,ACL,2020,2016_2020,annual_report,ACL_20CN_BCTN.pdf,ACL/ACL_20CN_BCTN.pdf,12946720,12.35,b5d24628f917e084ec5b9efb3b313a9214ade0e1e17358b659b64c37268ee7e7,ok,
ACL_2021_80a48671,ACL,ACL,2021,2021_2025,annual_report,ACL_21CN_BCTN.pdf,ACL/ACL_21CN_BCTN.pdf,18914046,18.04,80a486716508330bbe958daeab8265ce10fbd2fdb38869f269fb1199b5345885,ok,
ACL_2022_83d24fc1,ACL,ACL,2022,2021_2025,annual_report,ACL_22CN_BCTN.pdf,ACL/ACL_22CN_BCTN.pdf,18870870,18.0,83d24fc1b36930871e8e7e7972708c1578d37cf6ea76e0e4efd6de7ac2c9c507,ok,
ACL_2023_3a40567c,ACL,ACL,2023,2021_2025,annual_report,ACL_23CN_BCTN.pdf,ACL/ACL_23CN_BCTN.pdf,18476273,17.62,3a40567cf2e5ca8b0e83adb4ac0ea2eb17c7501d45b1b237d71448e850b22a95,ok,
ACL_2024_323836b1,ACL,ACL,2024,2021_2025,annual_report,ACL_24CN_BCTN.pdf,ACL/ACL_24CN_BCTN.pdf,17428660,16.62,323836b1336d4bc0b8e55f759eac9732ef84db5b4d19e37c43c61218dda5dc9a,ok,
ACL_2025_3b1acf1c,ACL,ACL,2025,2021_2025,annual_report,ACL_25CN_BCTN.pdf,ACL/ACL_25CN_BCTN.pdf,11503975,10.97,3b1acf1c0118d11ddf11de6dcbc24f59ad9171da6225535cf0649fb6fbabc5af,ok,
ACM_2015_e3e2d19f,ACM,ACM,2015,2011_2015,annual_report,ACM_15CN_BCTN.pdf,ACM/ACM_15CN_BCTN.pdf,11515410,10.98,e3e2d19fe76e0cdc052432fdc6fcc40a127068f94e89a1a3141d6969ec5db95d,ok,
ACM_2016_0b264ec0,ACM,ACM,2016,2016_2020,annual_report,ACM_16CN_BCTN.pdf,ACM/ACM_16CN_BCTN.pdf,11858101,11.31,0b264ec0a9705233ac1cd03027b63fa3b710e5ec49b52c5967ed39ca4db88d18,ok,
ACM_2017_cb2fe7c1,ACM,ACM,2017,2016_2020,annual_report,ACM_17CN_BCTN.pdf,ACM/ACM_17CN_BCTN.pdf,1542825,1.47,cb2fe7c19bae0b3d0104f690bdfceef63519e768a06971950eb78c460f5e7baf,ok,
ACM_2018_c4dc99a6,ACM,ACM,2018,2016_2020,annual_report,ACM_18CN_BCTN.pdf,ACM/ACM_18CN_BCTN.pdf,11129934,10.61,c4dc99a6512f45d4a3f1afc8ea495ab99e81699e4ae1dba4c9ab312deec65974,ok,
ACM_2019_2c98367e,ACM,ACM,2019,2016_2020,annual_report,ACM_19CN_BCTN.pdf,ACM/ACM_19CN_BCTN.pdf,10052948,9.59,2c98367ef1f53e85fb05aef55da0b674448a4babe8a1f0722a8607346f6ae4d4,ok,
ACM_2020_f29c6dc4,ACM,ACM,2020,2016_2020,annual_report,ACM_20CN_BCTN.pdf,ACM/ACM_20CN_BCTN.pdf,6540554,6.24,f29c6dc4c4a9b3f817c1ce24d4bc26fd11ad793f9d6ce5f9d363af572fd17965,ok,
ACM_2022_dda5d9e2,ACM,ACM,2022,2021_2025,annual_report,ACM_22CN_BCTN.pdf,ACM/ACM_22CN_BCTN.pdf,12126919,11.57,dda5d9e27248ad1656cef7e7ff8e8bab12880dfaa7a9e72af46bf4afa020cffa,ok,
ACM_2023_071e372b,ACM,ACM,2023,2021_2025,annual_report,ACM_23CN_BCTN.pdf,ACM/ACM_23CN_BCTN.pdf,9212790,8.79,071e372b37db3430214f40dac04298c25047b1c99483808e72b2d642ad013d9d,ok,
ACS_2019_76939b04,ACS,ACS,2019,2016_2020,annual_report,ACS_19CN_BCTN.pdf,ACS/ACS_19CN_BCTN.pdf,4989442,4.76,76939b04ec693876e5e5bfa77c675f600d3e4e5655d79cce3e7441b7487aa306,ok,
ACS_2020_5a47c28d,ACS,ACS,2020,2016_2020,annual_report,ACS_20CN_BCTN.pdf,ACS/ACS_20CN_BCTN.pdf,4771109,4.55,5a47c28dc2ada8ecc089a44944570a7ac95c5657d9ea064e6c3215e428548664,ok,
ACS_2021_047e5c10,ACS,ACS,2021,2021_2025,annual_report,ACS_21CN_BCTN.pdf,ACS/ACS_21CN_BCTN.pdf,6754189,6.44,047e5c10c64ac008d3f5dbe9550816134549ecd8dedc48602baf52261201a050,ok,
ACS_2022_7434c569,ACS,ACS,2022,2021_2025,annual_report,ACS_22CN_BCTN.pdf,ACS/ACS_22CN_BCTN.pdf,6285689,5.99,7434c569dac364e143d1c45aa705b30d556cef9a493ef1d1f8e8c5aa7d395e7e,ok,
ACS_2023_1c7767de,ACS,ACS,2023,2021_2025,annual_report,ACS_23CN_BCTN.pdf,ACS/ACS_23CN_BCTN.pdf,4780770,4.56,1c7767dedc5c1453f3fb1daf2f684d3f576c06fa54d4e6df3407b3ab9c9ccbdd,ok,
ACS_2024_ba166f64,ACS,ACS,2024,2021_2025,annual_report,ACS_24CN_BCTN.pdf,ACS/ACS_24CN_BCTN.pdf,4248989,4.05,ba166f64c99086c27cfe74d3063bc9156b515774c5103c1dbf6dd8ee0ef437b9,ok,
ACS_2025_86d6ecff,ACS,ACS,2025,2021_2025,annual_report,ACS_25CN_BCTN.pdf,ACS/ACS_25CN_BCTN.pdf,4131579,3.94,86d6ecffd1be8f022de74660bd36c85f9eeecb112ccf2a729894ac11fcb7802b,ok,
ACV_2016_ea0a8f32,ACV,ACV,2016,2016_2020,annual_report,ACV_16CN_BCTN.pdf,ACV/ACV_16CN_BCTN.pdf,1196460,1.14,ea0a8f32bf73cee578a6121eaf61e0ea2ead58fbb526db6afa8dcde0685ff86e,ok,
ACV_2017_ead4297e,ACV,ACV,2017,2016_2020,annual_report,ACV_17CN_BCTN.pdf,ACV/ACV_17CN_BCTN.pdf,21999265,20.98,ead4297e9fccf6d8b12a060112140a199e9296e0a77e3abc904a0d298bd8082f,ok,
ACV_2018_b18a7511,ACV,ACV,2018,2016_2020,annual_report,ACV_18CN_BCTN.pdf,ACV/ACV_18CN_BCTN.pdf,12742279,12.15,b18a751156d725a84a0910b50f6426ff5b276e70c4feb7a686a9f625bb4dad1f,ok,
ACV_2019_45eb9544,ACV,ACV,2019,2016_2020,annual_report,ACV_19CN_BCTN.pdf,ACV/ACV_19CN_BCTN.pdf,2125121,2.03,45eb9544eab9f1f4e1127284f19fdf0fbd3f676bdb2bd0974ff031f5916dcb5d,ok,
ACV_2020_307d88c2,ACV,ACV,2020,2016_2020,annual_report,ACV_20CN_BCTN.pdf,ACV/ACV_20CN_BCTN.pdf,1575411,1.5,307d88c2b2d75f8dd71fca3936afd33f05f90f313f3ac66f189a48da3c204c35,ok,
ACV_2021_ebfa7697,ACV,ACV,2021,2021_2025,annual_report,ACV_21CN_BCTN.pdf,ACV/ACV_21CN_BCTN.pdf,2006998,1.91,ebfa7697847d88eccdc3c7413e6b9b53dabcf7708cfe3d9206b69de1c108816f,ok,
